<?xml version="1.0" encoding="UTF-8"?>
<SystemProperties><SystemName>Vinnie</SystemName><SerialNo>120-500903</SerialNo><UsedMedia><Media path="C:\PROGRAM FILES (X86)\ABB INDUSTRIAL IT\ROBOTICS IT\MEDIAPOOL\ROBOTWARE_5.15.9175" name="RobotWare" version="5.15.9175.16"></Media></UsedMedia><ControlModule><Key>9QQwwwwCEgMcMwwxwxw9v25#-miEVbhmiBs</Key><SignatureNr>177</SignatureNr><Category descr="OS">RobotWare OS and English</Category><Category descr="Options">748-1 DeviceNet Lean</Category><Category descr="Options">602-1 Advanced Shape Tuning</Category><Category descr="Options">608-1 World Zones</Category><Category descr="Options">610-1 Independent Axis</Category><Category descr="Options">611-1 Path Recovery</Category><Category descr="Options">612-1 Path Offset</Category><Category descr="Options">885-1 SoftMove</Category><Category descr="Options">613-1 Collision Detection</Category><Category descr="Options">614-1 FTP and NFS client</Category><Category descr="Options">616-1 PC Interface</Category><Category descr="Options">617-1 FlexPendant Interface</Category><Category descr="Options">623-1 Multitasking</Category><Category descr="Options">628-1 Sensor Interface</Category><Category descr="Applications">812-1 Production Manager</Category><Option descr="RW Control module key"></Option><Option descr="RobotWare OS and English"></Option><Option descr="748-1 DeviceNet Lean"></Option><Option descr="602-1 Advanced Shape Tuning"></Option><Option descr="608-1 World Zones"></Option><Option descr="610-1 Independent Axis"></Option><Option descr="611-1 Path Recovery"></Option><Option descr="612-1 Path Offset"></Option><Option descr="885-1 SoftMove"></Option><Option descr="613-1 Collision Detection"></Option><Option descr="614-1 FTP and NFS client"></Option><Option descr="616-1 PC Interface"></Option><Option descr="617-1 FlexPendant Interface"></Option><Option descr="623-1 Multitasking"></Option><Option descr="628-1 Sensor Interface"></Option><Option descr="812-1 Production Manager"></Option></ControlModule><DriveModule><Name>DriveModule1</Name><Key>B.tJu0AufXe8</Key><SignatureNr>170</SignatureNr><Category descr="Manipulators">ABB standard manipulator</Category><Category descr="Manipulators">Drive System 09 120/140/1400/1600/260 Compact</Category><Category descr="Manipulators">IRB 120</Category><Category descr="Variants">120-0.58/3</Category><Category descr="Drives">1-Phase Power Supply</Category><Category descr="Drives">No additional drive</Category><Option descr="RW Drive module 1 key"></Option><Option descr="ABB standard manipulator"><SubOption descr="IRB 120"><SubOption descr="120-0.58/3"></SubOption></SubOption></Option><Option descr="Drive System 09 120/140/1400/1600/260 Compact"><SubOption descr="1-Phase Power Supply"><SubOption descr="No additional drive"></SubOption></SubOption></Option></DriveModule></SystemProperties>
